{
    "robot": 
    {
        "pose":
        {
            "pos": [0,0,0],
            "ori": [0,0,0,1]
        },
        "urdf": "data/models/robot/motoman.urdf"
    },
    "workspace": 
    {
        "components":
        {
            "shelf_bottom": 
            {
                "pose":
                {
                    "pos": [0.9,0,0.5],
                    "ori": [0,0,0,1]
                },
                "shape": [0.3, 0.8, 1.0]
            },
            "shelf_top":
            {
                "pose":
                {
                    "pos": [0.9,0,1.45],
                    "ori": [0,0,0,1]
                },
                "shape": [0.3,0.8,0.3]
            },
            "shelf_padding_left":
            {
                "pose":
                {
                    "pos": [0.9,-0.45,1.15],
                    "ori": [0,0,0,1]
                },
                "shape": [0.3,0.1,0.3]
            },
            "shelf_padding_right":
            {
                "pose":
                {
                    "pos": [0.9,0.45,1.15],
                    "ori": [0,0,0,1]
                },
                "shape": [0.3,0.1,0.3]
            },
            "shelf_padding_back":
            {
                "pose":
                {
                    "pos": [1.1,0,1.15],
                    "ori": [0,0,0,1]
                },
                "shape": [0.1,0.8,0.3]
            }
        },
        "pos": [0,0,0],
        "ori": [0,0,0,1],
        "region_low": [0.75, -0.4, 1.0],
        "region_high": [1.05, 0.4, 1.3]
    },
    "camera":
    {
        "extrinsic": [[-0.0182505, -0.724286, 0.689259, 0.329174],[-0.999453, 0.0322427, 0.00741728, -0.036492],[-0.0275958, -0.688746, -0.724478, 1.24839],[0.0, 0.0, 0.0, 1.0]],
        "intrinsic": [90.0, 1.78, 0.1, 1.5]
    }
}