{
    "robot":
    {
        "pose":
        {
            "pos": [0,0,0.93],
            "posm": [0,0,0],
            "ori": [0,0,0,1]
        },
        "urdf": "data/models/baxter/baxter.urdf",
        "urdfm": "data/models/robot/motoman.urdf"
    },
    "workspace":
    {
        "components":
        {
            "shelf_bottom":
            {
                "pose":
                {
                    "pos": [0.9,0,0.5],
                    "ori": [0,0,0,1]
                },
                "shape": [0.5, 0.8, 1.0]
            }
        },
        "pos": [0,0,0],
        "ori": [0,0,0,1],
        "region_low": [0.75, -0.4, 1.0],
        "region_high": [1.15, 0.4, 1.3]
    },
    "camera":
    {
        "extrinsic": [[-0.0182505, -0.724286, 0.689259, 0.329174],[-0.999453, 0.0322427, 0.00741728, -0.036492],[-0.0275958, -0.688746, -0.724478, 1.24839],[0.0, 0.0, 0.0, 1.0]],
        "intrinsic": [90.0, 1.78, 0.1, 1.5]
    }
}
